id,first_name,last_name,email,gender,ip_address
1,Didi,Archer,darcher0@cdc.gov,Female,0.115.39.171
2,Paulie,Viollet,pviollet1@nyu.edu,Male,205.191.241.32
3,Gibb,Marklow,gmarklow2@cam.ac.uk,Male,209.137.59.234
4,Mick,Jobbings,mjobbings3@gov.uk,Male,101.117.61.89
5,Adel,Blakesley,ablakesley4@spotify.com,Female,133.82.140.25
6,Stacia,Bellingham,sbellingham5@printfriendly.com,Female,61.122.110.252
7,Leah,Timeby,ltimeby6@irs.gov,Female,239.0.123.79
8,Dion,Hewes,dhewes7@bandcamp.com,Male,91.146.171.203
9,June,Messiter,jmessiter8@si.edu,Female,206.105.58.149
10,Emanuel,Elliff,eelliff9@about.me,Male,219.188.232.131
11,Vivianne,Aslett,vasletta@dropbox.com,Polygender,58.194.95.205
12,Baron,Povey,bpoveyb@wiley.com,Male,255.51.89.134
13,Stafford,Battman,sbattmanc@linkedin.com,Male,48.228.2.232
14,Anabel,Matlock,amatlockd@howstuffworks.com,Female,20.188.30.86
15,Ogdan,Grosvenor,ogrosvenore@hugedomains.com,Male,190.92.209.78
16,Tresa,Newband,tnewbandf@telegraph.co.uk,Female,168.217.250.139
17,Catherine,Pudsey,cpudseyg@technorati.com,Female,12.244.64.10
18,Dagny,Hawsby,dhawsbyh@cbc.ca,Male,17.41.78.100
19,Alleen,Treamayne,atreamaynei@360.cn,Female,197.39.196.201
20,Jaclyn,Le feuvre,jlefeuvrej@parallels.com,Non-binary,196.60.246.224
21,Ianthe,Martugin,imartugink@comsenz.com,Female,117.246.190.91
22,Wynny,Pile,wpilel@ask.com,Genderfluid,75.216.26.216
23,Paige,Semper,psemperm@va.gov,Agender,230.245.15.118
24,Bearnard,Fields,bfieldsn@soup.io,Male,200.68.236.214
25,Tawnya,Mcimmie,tmcimmieo@elegantthemes.com,Female,100.65.32.234
26,Alick,Indruch,aindruchp@people.com.cn,Genderfluid,132.213.162.141
27,Gian,Wilfinger,gwilfingerq@jugem.jp,Male,142.28.6.27
28,Bevon,Petzolt,bpetzoltr@biglobe.ne.jp,Male,50.82.22.82
29,Dorothea,Gillbanks,dgillbankss@cnet.com,Female,167.48.83.230
30,Eduino,Cansdill,ecansdillt@jimdo.com,Male,102.77.95.252
31,Hy,Nason,hnasonu@vkontakte.ru,Male,179.41.39.178
32,Godart,Dowsing,gdowsingv@goo.gl,Male,26.101.223.210
33,Beatriz,Bridgstock,bbridgstockw@blogtalkradio.com,Female,2.19.195.159
34,Elita,Caulkett,ecaulkettx@unblog.fr,Female,93.116.51.191
35,Cecelia,Hearl,chearly@soup.io,Female,5.252.249.175
36,Winnie,Coule,wcoulez@china.com.cn,Male,91.164.126.248
37,Adler,Lighterness,alighterness10@independent.co.uk,Male,220.153.167.130
38,Harlin,Perelli,hperelli11@drupal.org,Non-binary,234.208.59.56
39,Derick,Lots,dlots12@webnode.com,Male,197.98.221.70
40,Anjanette,Tompkinson,atompkinson13@pen.io,Agender,211.219.67.66
41,Xymenes,Iredale,xiredale14@seattletimes.com,Male,128.190.19.189
42,Valerie,Wrenn,vwrenn15@apache.org,Female,153.3.149.9
43,Jo,Winram,jwinram16@blogspot.com,Male,113.157.254.138
44,Web,Knowlton,wknowlton17@china.com.cn,Male,41.188.19.131
45,Evin,Wellstead,ewellstead18@addtoany.com,Male,79.31.30.68
46,Marjy,Bullers,mbullers19@nasa.gov,Female,197.123.172.136
47,Artemus,Eallis,aeallis1a@slate.com,Male,231.231.234.251
48,Kayla,Nisuis,knisuis1b@myspace.com,Female,31.199.35.67
49,Orlan,Kirkebye,okirkebye1c@angelfire.com,Male,4.216.120.123
50,Emmett,Olczyk,eolczyk1d@t-online.de,Male,59.57.237.254
51,Marilyn,Snel,msnel1e@nymag.com,Female,207.62.105.56
52,Burton,O'Hone,bohone1f@indiatimes.com,Male,181.225.240.235
53,Cynthie,Corradino,ccorradino1g@princeton.edu,Female,44.108.183.126
54,Norman,Romme,nromme1h@freewebs.com,Male,13.22.251.71
55,Lorenzo,Yven,lyven1i@yandex.ru,Male,40.151.166.68
56,Dinny,Sandiland,dsandiland1j@webmd.com,Female,127.159.248.141
57,Theo,Gludor,tgludor1k@mail.ru,Male,146.95.244.114
58,Silvan,Hardaway,shardaway1l@free.fr,Male,128.140.138.108
59,Conrad,Michell,cmichell1m@sitemeter.com,Male,128.223.168.232
60,Titos,Connal,tconnal1n@cbsnews.com,Male,218.203.108.234
61,Phip,Bowich,pbowich1o@si.edu,Male,112.169.92.191
62,Pattie,Luto,pluto1p@weibo.com,Polygender,161.21.71.42
63,Morganne,Willoughey,mwilloughey1q@umich.edu,Female,69.127.131.246
64,Stephani,Perez,sperez1r@360.cn,Female,135.71.154.181
65,Harli,Darcey,hdarcey1s@vkontakte.ru,Female,172.52.143.9
66,Fara,Edlington,fedlington1t@amazonaws.com,Female,193.32.119.44
67,Valencia,Bramham,vbramham1u@1688.com,Female,69.46.250.217
68,Travers,Abbs,tabbs1v@com.com,Male,111.209.207.144
69,Timmie,Liversage,tliversage1w@earthlink.net,Male,185.41.60.131
70,Siobhan,Clout,sclout1x@printfriendly.com,Female,175.134.111.219
71,Fidelity,Corss,fcorss1y@woothemes.com,Female,236.129.239.63
72,Saxe,Garden,sgarden1z@lycos.com,Male,165.212.225.69
73,Madison,Pietersma,mpietersma20@dmoz.org,Male,115.207.162.153
74,Duane,Starking,dstarking21@weibo.com,Non-binary,194.174.83.28
75,Bonnibelle,Jakel,bjakel22@arstechnica.com,Female,97.48.100.176
76,Luz,Bamfield,lbamfield23@narod.ru,Female,194.172.53.47
77,Ranice,Mathis,rmathis24@chicagotribune.com,Female,114.89.171.72
78,Fawnia,Cohan,fcohan25@nih.gov,Female,164.222.26.184
79,Salomone,Livock,slivock26@biblegateway.com,Male,241.148.252.149
80,Aigneis,Bourgeois,abourgeois27@123-reg.co.uk,Female,235.252.226.240
81,Patten,Rushmare,prushmare28@shareasale.com,Male,178.143.222.60
82,Madelon,Gregson,mgregson29@discuz.net,Female,193.6.138.10
83,Luci,Grishenkov,lgrishenkov2a@scientificamerican.com,Female,131.240.47.140
84,Hillie,Burnapp,hburnapp2b@creativecommons.org,Male,51.21.168.109
85,Catharina,Covet,ccovet2c@cargocollective.com,Female,219.121.159.69
86,Rinaldo,Jellico,rjellico2d@360.cn,Male,240.198.58.46
87,Erastus,Zannetti,ezannetti2e@huffingtonpost.com,Male,87.9.69.99
88,Cecelia,Baelde,cbaelde2f@techcrunch.com,Female,12.171.45.242
89,Sissie,Wynne,swynne2g@ezinearticles.com,Female,255.187.162.69
90,Reginauld,Spottiswood,rspottiswood2h@google.cn,Male,174.188.215.97
91,Ram,Esp,resp2i@t-online.de,Male,74.121.209.194
92,Peggy,Vannah,pvannah2j@com.com,Female,45.104.21.212
93,Jenine,Antoniottii,jantoniottii2k@mashable.com,Female,237.40.101.124
94,Jonas,Tinkham,jtinkham2l@privacy.gov.au,Male,138.73.168.206
95,Stanford,Gay,sgay2m@livejournal.com,Male,90.1.138.72
96,Fanchette,Van der Mark,fvandermark2n@reference.com,Female,182.152.119.151
97,Keary,Dauby,kdauby2o@ebay.co.uk,Male,58.5.65.37
98,Farley,Woller,fwoller2p@economist.com,Male,160.220.17.237
99,Heinrick,Lawdham,hlawdham2q@mlb.com,Male,244.142.105.166
100,Bobina,Giovannilli,bgiovannilli2r@scribd.com,Female,109.11.91.20
101,Ronna,Behnecken,rbehnecken2s@posterous.com,Female,87.91.167.4
102,Melisent,Lossman,mlossman2t@lycos.com,Female,40.245.197.247
103,Egbert,Bertholin,ebertholin2u@statcounter.com,Male,212.54.63.36
104,Devin,Minchinton,dminchinton2v@chron.com,Male,98.29.49.33
105,Douglas,Worham,dworham2w@etsy.com,Bigender,250.14.92.147
106,Blayne,Bramsom,bbramsom2x@businessweek.com,Male,149.133.208.14
107,Olympe,Praton,opraton2y@nydailynews.com,Female,246.57.3.249
108,De,Barrass,dbarrass2z@networksolutions.com,Female,25.221.89.177
109,Allistir,Bilbery,abilbery30@smh.com.au,Male,206.65.134.108
110,Donny,O'Siaghail,dosiaghail31@naver.com,Male,167.100.7.82
111,Powell,Dorgan,pdorgan32@berkeley.edu,Genderqueer,21.161.232.191
112,Michelle,Veighey,mveighey33@linkedin.com,Non-binary,229.228.60.124
113,Edgard,Pleager,epleager34@myspace.com,Male,33.13.35.8
114,Shirlee,Trengove,strengove35@vkontakte.ru,Female,68.212.22.203
115,Cass,Yearnes,cyearnes36@1688.com,Male,113.204.210.10
116,Tera,Landers,tlanders37@elpais.com,Female,118.25.251.210
117,Joli,Bocock,jbocock38@tuttocitta.it,Female,186.103.94.226
118,Mill,Drummond,mdrummond39@smh.com.au,Male,66.167.119.34
119,Roseanne,Pinckstone,rpinckstone3a@ibm.com,Female,42.255.225.215
120,Gabby,Kensit,gkensit3b@qq.com,Male,148.201.61.122
121,Bobbi,Sullly,bsullly3c@cnn.com,Female,43.140.115.224
122,Dianemarie,Tiptaft,dtiptaft3d@ft.com,Female,213.4.137.130
123,Alex,Wybrow,awybrow3e@i2i.jp,Male,5.99.140.178
124,Marabel,Veltman,mveltman3f@epa.gov,Female,159.254.179.178
125,Isahella,deKnevet,ideknevet3g@ebay.co.uk,Female,44.199.25.143
126,Mace,Dawdry,mdawdry3h@jiathis.com,Male,53.103.216.232
127,Paco,Korejs,pkorejs3i@aol.com,Male,188.75.165.50
128,Tris,Rawsen,trawsen3j@networkadvertising.org,Non-binary,149.195.243.6
129,Rickie,Feedham,rfeedham3k@google.com.au,Male,202.169.8.170
130,Issy,Kunz,ikunz3l@stanford.edu,Female,111.179.242.225
131,Ronna,Pickover,rpickover3m@samsung.com,Genderfluid,73.133.38.77
132,Kennedy,Proback,kproback3n@washington.edu,Male,165.30.210.84
133,Briano,Tasch,btasch3o@economist.com,Agender,123.73.26.210
134,Neil,Geldeford,ngeldeford3p@webmd.com,Male,205.179.2.190
135,Candra,Moff,cmoff3q@jugem.jp,Female,125.162.109.43
136,Danyette,Bartod,dbartod3r@printfriendly.com,Agender,100.105.121.35
137,Desiri,Raynes,draynes3s@dedecms.com,Female,82.9.93.124
138,Anthony,Hurling,ahurling3t@123-reg.co.uk,Male,108.27.15.85
139,Dina,Crunden,dcrunden3u@taobao.com,Female,224.96.243.248
140,Rudolfo,Bishopp,rbishopp3v@e-recht24.de,Male,216.225.168.51
141,Reynolds,Plumm,rplumm3w@printfriendly.com,Male,219.47.30.117
142,Anastasie,Perks,aperks3x@bing.com,Female,247.149.89.79
143,Celene,Audibert,caudibert3y@clickbank.net,Female,126.97.41.252
144,Tally,Proudman,tproudman3z@wordpress.com,Female,196.84.226.116
145,Rowland,Durdan,rdurdan40@cyberchimps.com,Male,180.55.230.154
146,Rosy,Yurevich,ryurevich41@fastcompany.com,Genderfluid,210.237.35.27
147,Faun,Robison,frobison42@ucla.edu,Female,225.186.161.154
148,Joline,Skinley,jskinley43@parallels.com,Female,45.208.90.90
149,Rutherford,Gaythwaite,rgaythwaite44@nymag.com,Male,183.198.190.197
150,Alfie,Linskill,alinskill45@so-net.ne.jp,Female,52.134.151.123
151,Jacintha,Vankin,jvankin46@bbc.co.uk,Female,184.191.214.146
152,Sutherland,Strass,sstrass47@archive.org,Male,51.246.29.35
153,Delly,Zelland,dzelland48@bluehost.com,Bigender,215.158.43.174
154,Donny,Fearnill,dfearnill49@hc360.com,Female,46.29.202.77
155,Kennan,Bramont,kbramont4a@unicef.org,Male,211.117.89.93
156,Raynell,Hallibone,rhallibone4b@guardian.co.uk,Female,24.4.49.82
157,Tera,McPhee,tmcphee4c@discuz.net,Genderqueer,31.63.5.233
158,Sebastiano,Normadell,snormadell4d@nationalgeographic.com,Male,89.194.22.218
159,Haslett,Plose,hplose4e@myspace.com,Male,153.57.163.190
160,Chryste,Curnnok,ccurnnok4f@soundcloud.com,Female,88.157.255.117
161,Ken,Sherr,ksherr4g@bandcamp.com,Male,106.178.143.31
162,Ellyn,Tossell,etossell4h@huffingtonpost.com,Female,223.159.194.55
163,Hayes,Ebbetts,hebbetts4i@vinaora.com,Male,169.93.6.160
164,Audy,Crowch,acrowch4j@canalblog.com,Female,62.27.191.50
165,Chen,Arthars,carthars4k@oakley.com,Male,132.173.40.91
166,Elva,Trathan,etrathan4l@fastcompany.com,Female,5.36.200.35
167,Tomlin,Winnard,twinnard4m@weibo.com,Male,178.163.52.211
168,Cecilia,Menzies,cmenzies4n@hatena.ne.jp,Agender,75.175.160.84
169,Josias,Robilliard,jrobilliard4o@tripod.com,Male,73.75.112.161
170,Jasmine,Broady,jbroady4p@plala.or.jp,Female,204.19.12.159
171,Virge,Quinnelly,vquinnelly4q@jalbum.net,Male,171.61.20.155
172,Dorothee,Edmund,dedmund4r@reference.com,Female,237.154.207.29
173,Jarrod,Helkin,jhelkin4s@ow.ly,Male,192.78.62.157
174,Val,Caberas,vcaberas4t@whitehouse.gov,Female,165.142.157.169
175,Lebbie,Edkins,ledkins4u@salon.com,Female,97.166.148.125
176,Katie,Linny,klinny4v@craigslist.org,Female,20.219.130.208
177,Jarad,Lyndon,jlyndon4w@admin.ch,Genderqueer,104.164.161.105
178,Donn,Duckinfield,dduckinfield4x@github.io,Male,39.31.76.85
179,Micheil,Armall,marmall4y@php.net,Male,71.75.186.76
180,Edward,Solomonides,esolomonides4z@pcworld.com,Male,8.13.129.22
181,Duffy,Mongain,dmongain50@reddit.com,Male,82.64.33.93
182,Theressa,Jozefczak,tjozefczak51@cbsnews.com,Female,251.192.80.224
183,Lurleen,Stiddard,lstiddard52@redcross.org,Female,112.32.98.120
184,Farlie,Novic,fnovic53@disqus.com,Male,157.141.4.114
185,Gar,Garfit,ggarfit54@bravesites.com,Male,104.0.127.105
186,Jehu,Sorton,jsorton55@forbes.com,Male,83.131.229.62
187,Ilene,Rosenschein,irosenschein56@constantcontact.com,Female,70.229.70.102
188,Nevin,Patzelt,npatzelt57@goo.gl,Male,216.94.88.2
189,Shawn,Coolican,scoolican58@cpanel.net,Female,56.89.58.138
190,Alaster,Gladdin,agladdin59@google.it,Male,64.131.162.1
191,Deborah,Van Vuuren,dvanvuuren5a@cpanel.net,Female,235.154.9.5
192,Roxana,Finley,rfinley5b@statcounter.com,Female,84.188.13.136
193,Elias,Karran,ekarran5c@jalbum.net,Male,11.92.137.233
194,Beniamino,Enric,benric5d@theguardian.com,Male,10.216.144.95
195,Elianora,Warrender,ewarrender5e@theguardian.com,Female,33.150.18.127
196,Karlik,Dosdale,kdosdale5f@netlog.com,Male,170.169.81.15
197,Bernete,Redhole,bredhole5g@ocn.ne.jp,Female,133.34.69.160
198,Camala,Laycock,claycock5h@lulu.com,Female,19.215.188.210
199,Clifford,Livzey,clivzey5i@photobucket.com,Male,137.87.145.82
200,Orel,Mein,omein5j@themeforest.net,Female,154.69.22.252
201,Harbert,Nodes,hnodes5k@tmall.com,Male,74.215.73.110
202,Perceval,Firebrace,pfirebrace5l@w3.org,Male,48.80.177.154
203,Feliks,Wands,fwands5m@sbwire.com,Male,218.67.166.18
204,Analise,Clarae,aclarae5n@adobe.com,Female,83.212.110.0
205,Hattie,Oliver-Paull,holiverpaull5o@furl.net,Female,249.43.46.24
206,Tina,Devereu,tdevereu5p@freewebs.com,Female,5.234.15.164
207,Gerry,Docksey,gdocksey5q@cyberchimps.com,Female,27.241.6.11
208,Dionysus,McKenny,dmckenny5r@hhs.gov,Male,220.48.69.36
209,Shay,Keesman,skeesman5s@reverbnation.com,Female,95.66.105.74
210,Jeni,Langstrath,jlangstrath5t@merriam-webster.com,Female,24.224.252.3
211,Yolanthe,Dalbey,ydalbey5u@census.gov,Genderfluid,243.195.68.143
212,Hayyim,Scarse,hscarse5v@noaa.gov,Agender,222.161.53.129
213,Alphard,Rugge,arugge5w@senate.gov,Male,151.226.243.119
214,Henka,Ludron,hludron5x@drupal.org,Female,203.58.15.218
215,Issy,Mew,imew5y@fema.gov,Female,213.49.12.237
216,Hillel,Alman,halman5z@virginia.edu,Male,252.12.209.97
217,Evelina,Holligan,eholligan60@apple.com,Female,6.103.159.238
218,Oralla,Adlington,oadlington61@feedburner.com,Female,14.240.8.65
219,Madonna,Floch,mfloch62@tripadvisor.com,Female,178.147.122.29
220,Lory,Pietersma,lpietersma63@npr.org,Female,223.87.2.90
221,Willard,Tolefree,wtolefree64@miibeian.gov.cn,Male,254.96.195.118
222,Lamond,Grivori,lgrivori65@e-recht24.de,Male,164.36.113.31
223,Danella,Sail,dsail66@sina.com.cn,Female,227.165.249.66
224,Ted,Hearthfield,thearthfield67@shop-pro.jp,Male,170.114.201.119
225,Mandy,Huntley,mhuntley68@army.mil,Female,25.22.201.217
226,Sabra,Charley,scharley69@icq.com,Female,162.37.15.10
227,Cull,Aspinall,caspinall6a@barnesandnoble.com,Male,232.155.105.197
228,Ward,Meran,wmeran6b@jiathis.com,Male,246.13.121.56
229,Kevyn,Drexel,kdrexel6c@weather.com,Female,247.187.0.84
230,Brant,Goshawke,bgoshawke6d@nature.com,Male,216.235.66.237
231,Tim,Ondrus,tondrus6e@nsw.gov.au,Female,6.175.189.175
232,Xylia,Mapes,xmapes6f@deliciousdays.com,Female,170.18.32.91
233,Sonnie,Smorthit,ssmorthit6g@walmart.com,Male,199.68.115.87
234,Kane,Iacovini,kiacovini6h@ca.gov,Male,55.147.186.209
235,Shaina,Hovy,shovy6i@printfriendly.com,Female,61.57.49.44
236,Garth,Bispham,gbispham6j@godaddy.com,Male,85.124.182.100
237,Giustino,Alves,galves6k@comcast.net,Male,218.179.210.13
238,Edithe,Cordero,ecordero6l@about.com,Female,224.251.37.243
239,Aleece,Esparza,aesparza6m@infoseek.co.jp,Female,229.191.65.24
240,Birk,Doig,bdoig6n@plala.or.jp,Bigender,17.7.155.254
241,Bellina,Ketton,bketton6o@umn.edu,Female,84.76.174.96
242,Hector,Swettenham,hswettenham6p@google.co.jp,Bigender,30.19.170.205
243,Mildrid,Rittmeyer,mrittmeyer6q@springer.com,Female,116.234.176.139
244,Cathee,Goddman,cgoddman6r@angelfire.com,Polygender,61.200.174.138
245,Shawnee,McNess,smcness6s@aol.com,Female,14.167.149.29
246,Carr,Brinkley,cbrinkley6t@nih.gov,Male,238.21.129.253
247,Jennee,Goroni,jgoroni6u@privacy.gov.au,Female,250.194.96.185
248,Germain,Downs,gdowns6v@infoseek.co.jp,Male,48.60.61.225
249,Trula,Greedyer,tgreedyer6w@indiatimes.com,Female,4.226.0.86
250,Laura,Scorey,lscorey6x@adobe.com,Female,79.31.148.239
251,Brodie,Jelf,bjelf6y@oakley.com,Male,9.164.78.161
252,Yorgo,Crockford,ycrockford6z@tinyurl.com,Male,196.68.159.95
253,Liesa,Beattie,lbeattie70@arizona.edu,Female,217.5.192.241
254,Eustace,Shorto,eshorto71@samsung.com,Male,40.169.16.128
255,Joceline,Joutapaitis,jjoutapaitis72@ocn.ne.jp,Female,66.217.139.37
256,Courtney,O'Cooney,cocooney73@mit.edu,Male,94.199.52.136
257,Merissa,Marcham,mmarcham74@exblog.jp,Female,67.216.96.136
258,Nettle,McGenis,nmcgenis75@bbb.org,Female,25.224.154.109
259,Sondra,Baynard,sbaynard76@prlog.org,Female,81.229.168.43
260,Sayre,Sprasen,ssprasen77@pcworld.com,Female,172.56.121.15
261,Gloria,Brecknall,gbrecknall78@go.com,Female,134.44.169.248
262,Rutledge,Orfeur,rorfeur79@webnode.com,Male,174.64.79.125
263,Sophie,Deeves,sdeeves7a@hibu.com,Female,254.179.34.24
264,Austen,Dobie,adobie7b@ucoz.ru,Male,181.214.164.80
265,Jillana,Poulglais,jpoulglais7c@virginia.edu,Non-binary,47.217.108.32
266,Tally,Gerin,tgerin7d@thetimes.co.uk,Male,85.43.70.98
267,Wendye,Measor,wmeasor7e@bloomberg.com,Female,70.44.61.173
268,Mehetabel,Lardeux,mlardeux7f@weather.com,Female,137.127.233.122
269,Carmine,Mahoney,cmahoney7g@shutterfly.com,Male,249.154.209.174
270,Rosemary,Wickins,rwickins7h@bluehost.com,Polygender,59.37.75.199
271,Velma,Dunster,vdunster7i@slashdot.org,Female,109.32.40.157
272,Tommy,Braun,tbraun7j@blogger.com,Female,86.75.127.72
273,Anthe,Sked,asked7k@homestead.com,Female,10.183.223.33
274,Sheridan,Mc Cahey,smccahey7l@jalbum.net,Male,233.253.28.243
275,Gabbie,O'Griffin,gogriffin7m@networksolutions.com,Agender,225.109.164.153
276,Antone,Lindberg,alindberg7n@google.pl,Male,65.121.245.242
277,Major,Waywell,mwaywell7o@eepurl.com,Male,62.42.102.51
278,Claus,Denecamp,cdenecamp7p@latimes.com,Male,45.191.12.205
279,Chas,Bruford,cbruford7q@weebly.com,Male,223.167.180.54
280,Sibyl,Selkirk,sselkirk7r@sogou.com,Polygender,60.149.156.158
281,Sybil,Flitcroft,sflitcroft7s@privacy.gov.au,Female,251.138.57.52
282,Fons,Snell,fsnell7t@ca.gov,Male,53.201.108.117
283,Ariella,Canadine,acanadine7u@jiathis.com,Female,51.80.19.72
284,Britt,Sate,bsate7v@cnet.com,Male,236.100.252.161
285,Jesus,Kondratovich,jkondratovich7w@ftc.gov,Male,218.188.81.61
286,Rod,Harris,rharris7x@squarespace.com,Male,221.149.85.47
287,Bette,Babcock,bbabcock7y@wikia.com,Female,201.124.193.32
288,Lance,Sidnall,lsidnall7z@google.com.hk,Male,215.101.126.55
289,Lenna,Dreschler,ldreschler80@lulu.com,Female,32.19.32.188
290,Filide,Lyston,flyston81@aol.com,Female,130.127.136.233
291,Josepha,Gillcrist,jgillcrist82@alibaba.com,Female,122.24.2.55
292,Estele,Warden,ewarden83@skype.com,Female,173.46.143.183
293,Lauren,Bernade,lbernade84@nba.com,Male,238.247.47.186
294,Cyril,Tolliday,ctolliday85@meetup.com,Male,48.139.189.156
295,Ula,Cranke,ucranke86@elpais.com,Female,107.82.47.101
296,Bryna,Rodriguez,brodriguez87@amazon.co.jp,Female,207.2.31.168
297,Karol,Tesmond,ktesmond88@wix.com,Genderqueer,29.66.55.31
298,Vite,Gronaver,vgronaver89@chron.com,Male,217.233.191.106
299,Alexander,Swait,aswait8a@tripod.com,Male,201.173.187.46
300,Barby,Dows,bdows8b@plala.or.jp,Female,98.190.153.179
301,Yevette,Leggis,yleggis8c@ovh.net,Female,18.145.68.227
302,Harrietta,Samme,hsamme8d@spiegel.de,Female,122.191.21.232
303,Felisha,Danbye,fdanbye8e@bloglines.com,Female,150.234.80.179
304,Emilee,Hrinchishin,ehrinchishin8f@cam.ac.uk,Female,23.252.119.198
305,Damiano,Karlsen,dkarlsen8g@t-online.de,Male,229.246.81.150
306,Imelda,Gorhardt,igorhardt8h@webeden.co.uk,Female,0.130.82.30
307,Ivonne,Booty,ibooty8i@europa.eu,Female,59.68.94.211
308,Catherine,Doudney,cdoudney8j@youku.com,Agender,102.217.137.73
309,Filmore,Dixie,fdixie8k@umn.edu,Male,227.24.159.187
310,Egor,Clines,eclines8l@fc2.com,Male,228.138.19.121
311,Jerrilyn,Jaycox,jjaycox8m@acquirethisname.com,Female,198.203.136.125
312,Peadar,Shemilt,pshemilt8n@i2i.jp,Male,151.248.241.41
313,Algernon,Filyakov,afilyakov8o@npr.org,Male,71.241.99.173
314,Kamilah,D'Errico,kderrico8p@bloglines.com,Female,234.113.221.180
315,Shawna,Letty,sletty8q@cnbc.com,Female,106.247.43.102
316,Alex,Gonsalo,agonsalo8r@yelp.com,Female,240.6.86.214
317,Aggie,Whacket,awhacket8s@issuu.com,Female,59.11.140.35
318,Tucker,Vennart,tvennart8t@salon.com,Male,51.35.8.25
319,Dex,Merrilees,dmerrilees8u@shutterfly.com,Male,116.87.13.20
320,Leola,Hryniewicz,lhryniewicz8v@businessinsider.com,Female,241.86.35.91
321,Hermann,Nijs,hnijs8w@netvibes.com,Male,58.227.135.108
322,Maximilien,Pietzke,mpietzke8x@twitter.com,Male,190.211.230.2
323,Cristin,Instone,cinstone8y@newyorker.com,Female,146.170.214.139
324,Reeva,Hance,rhance8z@theatlantic.com,Female,117.35.47.193
325,Noah,Feechan,nfeechan90@vkontakte.ru,Male,127.169.235.229
326,Harry,Moncrieffe,hmoncrieffe91@wiley.com,Male,155.62.71.120
327,Penrod,Towl,ptowl92@blog.com,Male,17.59.222.105
328,Duky,Goodoune,dgoodoune93@blogs.com,Male,11.90.38.246
329,Sherilyn,Kenewell,skenewell94@timesonline.co.uk,Female,133.204.84.181
330,Perceval,Struis,pstruis95@ted.com,Male,161.132.188.83
331,Hamil,Boas,hboas96@ucoz.ru,Male,161.49.100.101
332,Garvy,Janes,gjanes97@nymag.com,Male,202.105.138.174
333,Michael,Longworthy,mlongworthy98@myspace.com,Male,156.90.45.56
334,Jone,Deniskevich,jdeniskevich99@forbes.com,Male,251.137.176.189
335,Kiah,Loy,kloy9a@eepurl.com,Female,34.58.212.108
336,Sutherland,Atheis,satheis9b@plala.or.jp,Male,176.97.190.121
337,Normy,Swinfon,nswinfon9c@answers.com,Male,45.170.94.116
338,Lisha,Bondley,lbondley9d@wikipedia.org,Female,225.198.164.134
339,Klemens,Fenna,kfenna9e@weebly.com,Male,59.141.18.100
340,Carleen,Durtnel,cdurtnel9f@shop-pro.jp,Female,58.29.7.182
341,Tuesday,Esberger,tesberger9g@edublogs.org,Genderfluid,74.91.223.250
342,Diego,Gorgl,dgorgl9h@techcrunch.com,Polygender,160.102.219.8
343,Dael,Thowes,dthowes9i@flickr.com,Female,217.49.254.61
344,Breanne,Bottrell,bbottrell9j@symantec.com,Female,255.212.65.248
345,Paquito,Puddicombe,ppuddicombe9k@list-manage.com,Male,31.39.53.82
346,Jerrilyn,MacArte,jmacarte9l@skyrock.com,Female,55.70.67.92
347,Alie,Imos,aimos9m@opera.com,Female,66.9.1.136
348,Venita,Okenden,vokenden9n@163.com,Female,130.240.215.110
349,Man,Deegin,mdeegin9o@ovh.net,Male,165.21.130.183
350,Codie,Allday,callday9p@toplist.cz,Female,249.216.25.252
351,Britteny,Galpen,bgalpen9q@quantcast.com,Female,152.62.194.174
352,Brook,Gringley,bgringley9r@php.net,Male,55.162.139.16
353,Renard,Perle,rperle9s@bloglovin.com,Male,3.158.57.214
354,Seka,Thaller,sthaller9t@answers.com,Female,219.212.243.114
355,Angela,Chitham,achitham9u@example.com,Female,167.124.185.163
356,Orelia,Collaton,ocollaton9v@theatlantic.com,Female,138.41.85.31
357,Dugald,Fould,dfould9w@example.com,Male,37.230.250.146
358,Darrell,Matthewes,dmatthewes9x@google.ca,Male,34.47.90.68
359,Basia,Jonk,bjonk9y@stumbleupon.com,Female,209.105.167.189
360,Melisa,Gallon,mgallon9z@t.co,Female,6.240.105.11
361,Wandis,Briddle,wbriddlea0@oracle.com,Female,219.218.24.160
362,Caren,Hovell,chovella1@state.tx.us,Bigender,60.5.145.139
363,Vasilis,Lamboll,vlambolla2@taobao.com,Male,213.217.251.140
364,Heloise,Cleere,hcleerea3@mapquest.com,Female,255.97.22.137
365,Eirena,Skynner,eskynnera4@privacy.gov.au,Female,183.175.161.239
366,Carrissa,Townson,ctownsona5@de.vu,Female,138.33.164.128
367,Lucais,Andrzejewski,landrzejewskia6@so-net.ne.jp,Male,179.52.236.131
368,Abran,Binion,abiniona7@arizona.edu,Male,175.173.239.206
369,Waldon,Claxson,wclaxsona8@wsj.com,Male,156.62.95.65
370,Addia,Kryska,akryskaa9@wikia.com,Female,193.211.121.6
371,Robinet,Muffitt,rmuffittaa@hp.com,Polygender,197.207.107.102
372,Bartram,Ellison,bellisonab@upenn.edu,Male,139.68.247.132
373,Gaylor,Barthram,gbarthramac@xrea.com,Male,159.93.6.248
374,Meade,Lente,mlentead@usatoday.com,Female,52.221.11.12
375,Fayette,MacCall,fmaccallae@bigcartel.com,Female,184.42.210.120
376,Richart,Laidlow,rlaidlowaf@pagesperso-orange.fr,Male,10.113.79.21
377,Cully,Burgen,cburgenag@miitbeian.gov.cn,Male,194.145.71.96
378,Westleigh,Betterton,wbettertonah@gravatar.com,Male,109.95.44.156
379,Normand,Probart,nprobartai@surveymonkey.com,Male,57.75.240.22
380,Bathsheba,Sheahan,bsheahanaj@wp.com,Female,125.66.138.230
381,Walker,Sertin,wsertinak@auda.org.au,Male,19.83.61.110
382,Claudette,Dabrowski,cdabrowskial@omniture.com,Female,53.96.207.221
383,Merci,Brabon,mbrabonam@upenn.edu,Female,124.37.16.92
384,Haily,Cagan,hcaganan@devhub.com,Male,221.31.79.204
385,Guinevere,Hakking,ghakkingao@unicef.org,Female,5.204.195.193
386,Carlee,Domenici,cdomeniciap@time.com,Female,114.42.134.5
387,Catrina,Emerton,cemertonaq@seattletimes.com,Female,143.134.47.190
388,Bealle,Stert,bstertar@statcounter.com,Male,215.224.45.154
389,Hilde,Petters,hpettersas@istockphoto.com,Female,52.71.180.221
390,Guy,Franses,gfransesat@examiner.com,Male,85.185.12.199
391,Sile,Cesco,scescoau@facebook.com,Female,112.154.255.208
392,Yorker,Valasek,yvalasekav@economist.com,Male,156.242.138.194
393,Esther,Janney,ejanneyaw@blogspot.com,Female,49.94.64.155
394,Dara,Steeden,dsteedenax@wunderground.com,Female,59.215.39.82
395,Krista,Lindermann,klindermannay@latimes.com,Female,143.31.138.245
396,Ivory,Chatelain,ichatelainaz@mapy.cz,Female,81.196.105.252
397,Hermy,Erricker,herrickerb0@wisc.edu,Male,122.186.216.115
398,Ignaz,Hearmon,ihearmonb1@comsenz.com,Male,99.152.82.177
399,Teresina,Ingolotti,tingolottib2@goo.ne.jp,Bigender,145.20.110.168
400,Del,Pearlman,dpearlmanb3@fotki.com,Male,187.153.27.148
401,Bronnie,Knowlman,bknowlmanb4@yahoo.co.jp,Male,151.198.231.140
402,Nancie,Hannaford,nhannafordb5@wp.com,Female,43.185.209.155
403,Essy,Castellani,ecastellanib6@netlog.com,Female,26.20.128.164
404,Berkly,Mosten,bmostenb7@cafepress.com,Male,10.140.91.225
405,Gram,Wakeham,gwakehamb8@de.vu,Male,119.20.33.164
406,Barbee,Echallier,bechallierb9@yellowpages.com,Female,115.66.174.165
407,Amalie,Erb,aerbba@sourceforge.net,Female,198.88.118.218
408,Norah,Cerith,ncerithbb@wunderground.com,Female,56.221.125.43
409,Cleavland,Richardes,crichardesbc@pbs.org,Male,71.194.83.181
410,Jackqueline,Demanche,jdemanchebd@gov.uk,Female,107.28.245.183
411,Mirella,Ashby,mashbybe@walmart.com,Non-binary,252.149.203.248
412,Emmy,Ewles,eewlesbf@nytimes.com,Male,132.62.204.57
413,Shawn,Tomkinson,stomkinsonbg@xing.com,Female,88.155.118.34
414,Hermie,Derobert,hderobertbh@netlog.com,Male,18.216.173.8
415,Brnaby,Zanolli,bzanollibi@weather.com,Male,16.147.109.154
416,Reginauld,Alywen,ralywenbj@smh.com.au,Male,232.236.252.246
417,Rooney,Issac,rissacbk@adobe.com,Male,246.100.6.212
418,Auberta,Carp,acarpbl@cornell.edu,Female,17.34.146.34
419,Boyd,Lefeuvre,blefeuvrebm@privacy.gov.au,Male,97.179.91.139
420,Sela,Stabler,sstablerbn@hugedomains.com,Female,28.231.22.8
421,Herbert,Finn,hfinnbo@spotify.com,Male,213.137.4.201
422,Rahal,Petrozzi,rpetrozzibp@miitbeian.gov.cn,Female,247.191.122.205
423,Lynda,House,lhousebq@clickbank.net,Female,245.136.96.14
424,Darsie,Quinane,dquinanebr@merriam-webster.com,Female,125.160.28.64
425,Rianon,Duhig,rduhigbs@gizmodo.com,Female,72.144.243.209
426,Shalne,Elsip,selsipbt@si.edu,Female,172.71.224.173
427,Papageno,Kunzler,pkunzlerbu@devhub.com,Male,229.58.131.110
428,Filippo,Frodsham,ffrodshambv@theguardian.com,Male,199.202.71.198
429,Merry,Fairclough,mfaircloughbw@ovh.net,Male,15.194.154.56
430,Staford,Balsdone,sbalsdonebx@berkeley.edu,Male,77.141.73.21
431,Carita,Ambage,cambageby@wsj.com,Female,19.52.179.204
432,Wes,Bletsor,wbletsorbz@edublogs.org,Male,156.45.247.108
433,Jacobo,Birk,jbirkc0@nationalgeographic.com,Male,191.206.92.167
434,Marleah,Ravenshear,mravenshearc1@aol.com,Female,106.52.45.66
435,Melli,Barthelme,mbarthelmec2@dailymail.co.uk,Female,18.174.27.52
436,Vonny,Jager,vjagerc3@sphinn.com,Female,51.139.147.39
437,Kippy,Vasler,kvaslerc4@auda.org.au,Male,173.111.59.71
438,Rubin,Miskin,rmiskinc5@alibaba.com,Male,88.162.116.153
439,Ashlan,MacKaile,amackailec6@newyorker.com,Female,33.23.234.88
440,Bernadina,Taggart,btaggartc7@army.mil,Female,205.3.35.206
441,Kristoforo,Kumar,kkumarc8@china.com.cn,Polygender,180.109.103.97
442,Louisette,Georghiou,lgeorghiouc9@squarespace.com,Female,164.28.14.229
443,Joli,Avory,javoryca@addtoany.com,Female,188.51.54.182
444,Jakob,Meaden,jmeadencb@japanpost.jp,Male,192.90.25.86
445,Franni,Poulter,fpoultercc@dell.com,Female,167.20.144.21
446,Isac,Buessen,ibuessencd@ow.ly,Male,161.0.26.9
447,Theo,Wannes,twannesce@cocolog-nifty.com,Male,252.89.10.239
448,Moina,Flewan,mflewancf@wikispaces.com,Female,164.176.124.180
449,Sheffy,Pipkin,spipkincg@nymag.com,Genderqueer,21.47.2.249
450,Lanie,Londsdale,llondsdalech@cnbc.com,Female,85.196.90.120
451,Cori,Criag,ccriagci@creativecommons.org,Female,139.147.116.113
452,Jayson,Linnock,jlinnockcj@globo.com,Non-binary,44.141.118.25
453,Deina,Fields,dfieldsck@ox.ac.uk,Female,111.165.188.219
454,Mariellen,Harfleet,mharfleetcl@wordpress.org,Female,236.9.40.106
455,Constantino,Gobeaux,cgobeauxcm@pagesperso-orange.fr,Male,57.22.9.135
456,Leda,Dorot,ldorotcn@paginegialle.it,Female,40.210.153.254
457,Cornell,Teck,cteckco@blogtalkradio.com,Male,101.56.81.37
458,Carlie,Gotling,cgotlingcp@imageshack.us,Male,35.111.19.169
459,Buddy,Emberton,bembertoncq@cam.ac.uk,Male,207.37.18.99
460,Shell,Avraham,savrahamcr@bloglovin.com,Female,135.88.15.71
461,Newton,Ullyatt,nullyattcs@blogtalkradio.com,Male,212.141.17.56
462,Richmond,Smorfit,rsmorfitct@e-recht24.de,Male,35.54.90.223
463,Lodovico,Hubner,lhubnercu@php.net,Non-binary,33.249.216.203
464,Filippa,Goggan,fgoggancv@globo.com,Female,90.23.61.25
465,Lucretia,Gounin,lgounincw@bravesites.com,Female,206.249.110.152
466,Bartolomeo,Johns,bjohnscx@newyorker.com,Agender,37.33.202.237
467,Rufus,Gerred,rgerredcy@prnewswire.com,Male,165.198.18.196
468,Hewitt,Soares,hsoarescz@networksolutions.com,Male,187.199.174.84
469,Bill,Elis,belisd0@wsj.com,Genderqueer,250.250.197.195
470,Giordano,Gwilt,ggwiltd1@stumbleupon.com,Male,23.114.1.219
471,Giacinta,Decort,gdecortd2@amazon.com,Female,179.37.93.134
472,Florence,Sutcliffe,fsutcliffed3@oakley.com,Female,202.245.11.64
473,Shelley,Birts,sbirtsd4@devhub.com,Male,200.194.101.185
474,Julita,Mocher,jmocherd5@unicef.org,Female,141.35.197.255
475,Meghann,Giorgielli,mgiorgiellid6@geocities.com,Female,163.246.101.251
476,Loni,Andreopolos,landreopolosd7@blog.com,Female,79.28.113.151
477,Lemmie,Foulgham,lfoulghamd8@bloglines.com,Male,185.24.100.110
478,Sherrie,Crann,scrannd9@smugmug.com,Female,104.227.123.173
479,Melania,Borgnet,mborgnetda@freewebs.com,Female,92.244.174.215
480,Iormina,Hartill,ihartilldb@ted.com,Female,243.54.161.94
481,Berenice,Sword,bsworddc@purevolume.com,Female,94.110.136.152
482,Kendricks,Simpkins,ksimpkinsdd@chicagotribune.com,Male,150.204.121.233
483,Mattie,Hammerich,mhammerichde@privacy.gov.au,Female,210.253.27.39
484,Silvain,Henke,shenkedf@mashable.com,Male,28.31.253.227
485,Cazzie,Pllu,cplludg@pcworld.com,Male,249.81.76.148
486,Shane,Beasley,sbeasleydh@opensource.org,Male,240.185.91.173
487,Myrtia,Rixon,mrixondi@deliciousdays.com,Female,57.233.225.101
488,Torin,Van Son,tvansondj@cmu.edu,Male,55.121.127.246
489,Mattie,Swayte,mswaytedk@fc2.com,Male,142.152.225.32
490,Adrien,Beretta,aberettadl@google.com.hk,Male,10.140.237.84
491,Ardath,Pettman,apettmandm@arstechnica.com,Female,101.197.181.184
492,Karol,Cantle,kcantledn@4shared.com,Female,68.142.197.63
493,Berri,Lowater,blowaterdo@unesco.org,Female,45.100.112.129
494,Ingrid,Baldazzi,ibaldazzidp@gnu.org,Female,100.68.7.118
495,Web,Worge,wworgedq@sphinn.com,Male,91.220.125.137
496,Audi,Formoy,aformoydr@nationalgeographic.com,Female,165.241.111.112
497,Debby,Lanfranconi,dlanfranconids@phoca.cz,Agender,236.254.4.9
498,Brana,Burrells,bburrellsdt@slideshare.net,Female,63.32.34.230
499,Darnall,Klassmann,dklassmanndu@hud.gov,Male,21.224.47.28
500,Vally,Haddleston,vhaddlestondv@nationalgeographic.com,Female,106.224.134.208
501,Joseph,Maliphant,jmaliphantdw@qq.com,Male,196.166.137.72
502,Dennis,Godwyn,dgodwyndx@hostgator.com,Male,231.78.138.125
503,Alfy,Chomicki,achomickidy@biglobe.ne.jp,Female,24.217.244.68
504,Emmye,Kulicke,ekulickedz@washingtonpost.com,Female,245.208.131.46
505,Ganny,Damarell,gdamarelle0@jigsy.com,Male,199.102.67.131
506,Morse,Hemphill,mhemphille1@nih.gov,Bigender,96.242.83.98
507,Tomkin,Stowgill,tstowgille2@is.gd,Genderqueer,51.207.182.172
508,Giacopo,Verna,gvernae3@ehow.com,Male,37.231.235.144
509,Clint,Heyball,cheyballe4@ehow.com,Male,42.145.117.222
510,Bev,Kroger,bkrogere5@house.gov,Female,157.25.4.106
511,Garey,Strephan,gstrephane6@amazon.co.uk,Male,56.192.154.128
512,Cass,Corse,ccorsee7@virginia.edu,Bigender,187.14.165.28
513,Reeta,Wrathall,rwrathalle8@nature.com,Female,43.53.153.250
514,Debera,Leather,dleathere9@myspace.com,Female,243.81.70.162
515,Baxy,Clarricoates,bclarricoatesea@ca.gov,Male,63.217.150.22
516,Willi,Elders,welderseb@chicagotribune.com,Male,166.160.77.231
517,Collin,Landon,clandonec@nhs.uk,Male,121.71.103.79
518,Rebbecca,Fidell,rfidelled@bizjournals.com,Female,37.124.28.54
519,Dara,Cambridge,dcambridgeee@pinterest.com,Female,134.223.105.169
520,Kippy,Lucken,kluckenef@printfriendly.com,Male,121.9.90.220
521,Jacquelin,Inchboard,jinchboardeg@nasa.gov,Agender,96.147.48.127
522,Nananne,Dunnico,ndunnicoeh@oakley.com,Female,116.250.241.58
523,Lucila,Roubay,lroubayei@t.co,Female,62.116.46.14
524,Esme,Rylatt,erylattej@utexas.edu,Male,227.139.44.133
525,Olivia,Larchiere,olarchiereek@adobe.com,Female,96.198.230.110
526,Elyn,Millier,emillierel@163.com,Female,101.12.150.117
527,Trefor,Kimble,tkimbleem@discovery.com,Male,30.24.119.176
528,Sebastien,Pourveer,spourveeren@instagram.com,Male,191.85.91.4
529,Galen,Faudrie,gfaudrieeo@arstechnica.com,Male,186.65.81.117
530,Davidson,Billyeald,dbillyealdep@cpanel.net,Male,5.135.247.51
531,Nicki,Conford,nconfordeq@ucoz.ru,Female,186.108.201.0
532,Rickard,MacLeod,rmacleoder@chron.com,Male,217.159.150.44
533,Tyrone,MacDonell,tmacdonelles@psu.edu,Male,45.143.175.239
534,Berke,Ortzen,bortzenet@booking.com,Male,230.35.246.153
535,Frederich,Knobell,fknobelleu@lycos.com,Male,40.90.96.117
536,Yoshi,Hobbert,yhobbertev@odnoklassniki.ru,Female,39.49.30.100
537,Harp,Geary,hgearyew@timesonline.co.uk,Male,255.8.247.104
538,Berkley,Cawthry,bcawthryex@uiuc.edu,Bigender,22.165.233.210
539,Merv,Jakubovitch,mjakubovitchey@myspace.com,Male,218.28.112.152
540,Ronda,Tinton,rtintonez@narod.ru,Female,188.142.190.72
541,Loleta,Pennicard,lpennicardf0@oracle.com,Female,128.219.54.143
542,Benjie,Cloonan,bcloonanf1@google.pl,Male,190.129.126.161
543,Bobby,Foster,bfosterf2@friendfeed.com,Male,229.154.209.17
544,Marys,Rudham,mrudhamf3@sfgate.com,Female,112.148.82.44
545,Claudetta,Denham,cdenhamf4@amazon.com,Female,46.195.195.156
546,Dorie,Mynett,dmynettf5@ibm.com,Male,115.62.83.158
547,Alejandrina,Athow,aathowf6@simplemachines.org,Polygender,249.172.145.118
548,Cordelie,Tring,ctringf7@admin.ch,Female,51.50.15.108
549,Ethyl,Hickin,ehickinf8@google.com.au,Female,161.141.118.6
550,Berky,Alkin,balkinf9@over-blog.com,Male,17.187.246.73
551,Anthony,Pennoni,apennonifa@free.fr,Male,71.236.222.193
552,Rip,Bowmen,rbowmenfb@bloglines.com,Male,250.197.18.207
553,Leighton,Yalden,lyaldenfc@nifty.com,Male,165.168.98.155
554,Estele,Alvis,ealvisfd@alibaba.com,Genderfluid,66.136.131.12
555,Katharina,Bootton,kboottonfe@plala.or.jp,Female,96.130.28.215
556,Pebrook,Lavrick,plavrickff@moonfruit.com,Male,0.64.141.117
557,Edik,Stallibrass,estallibrassfg@chronoengine.com,Male,59.109.183.42
558,Hayden,Wrey,hwreyfh@storify.com,Male,114.147.100.131
559,Aylmer,Medwell,amedwellfi@yellowbook.com,Male,0.132.11.72
560,Morissa,Normanvell,mnormanvellfj@sun.com,Female,74.155.152.100
561,Anstice,Boneham,abonehamfk@about.me,Female,96.120.239.148
562,Fanny,Backman,fbackmanfl@google.com.hk,Female,218.44.168.66
563,Maisie,Leverich,mleverichfm@state.tx.us,Female,66.53.82.224
564,Holli,Hemmingway,hhemmingwayfn@apple.com,Female,226.34.148.154
565,Tucky,Ferminger,tfermingerfo@joomla.org,Male,126.77.76.163
566,Maryjo,Jorio,mjoriofp@wordpress.com,Female,58.93.188.53
567,Nial,Heighway,nheighwayfq@google.com.br,Male,104.138.153.2
568,Prentice,Callister,pcallisterfr@hp.com,Male,207.181.65.23
569,Erinna,Shirer,eshirerfs@google.com.au,Female,34.181.102.150
570,Eldin,Firmager,efirmagerft@163.com,Male,56.29.156.125
571,Aimee,Paoletti,apaolettifu@cdbaby.com,Agender,222.226.215.200
572,Cathyleen,McDell,cmcdellfv@goodreads.com,Polygender,173.170.181.246
573,Flinn,Yeandel,fyeandelfw@tinyurl.com,Male,132.178.165.247
574,Frannie,Alderton,faldertonfx@shareasale.com,Male,43.25.19.64
575,Lilyan,Ciotto,lciottofy@myspace.com,Female,122.233.208.83
576,Kin,Rushworth,krushworthfz@privacy.gov.au,Male,225.112.123.41
577,Noami,Bessant,nbessantg0@wikispaces.com,Bigender,86.111.87.42
578,Susette,Jaine,sjaineg1@ameblo.jp,Female,9.29.27.88
579,Nathaniel,Doberer,ndobererg2@paypal.com,Male,215.106.3.172
580,Franky,Byneth,fbynethg3@un.org,Male,217.59.135.184
581,Dmitri,Wohlers,dwohlersg4@youtube.com,Male,138.196.196.109
582,Gage,Hallward,ghallwardg5@google.fr,Genderfluid,95.8.16.53
583,Hillel,Cescotti,hcescottig6@de.vu,Male,177.240.212.217
584,Zackariah,Wimpress,zwimpressg7@scribd.com,Male,227.95.155.185
585,Ingmar,Leggitt,ileggittg8@upenn.edu,Male,33.206.83.10
586,Dwain,Threadgold,dthreadgoldg9@youku.com,Male,103.253.189.92
587,Kathryne,Solway,ksolwayga@who.int,Female,26.241.42.229
588,Kylie,Easton,keastongb@abc.net.au,Male,31.231.48.63
589,Lotti,Irwin,lirwingc@csmonitor.com,Female,148.211.43.60
590,Elmira,Dowker,edowkergd@livejournal.com,Female,220.124.7.13
591,Susie,Rendbaek,srendbaekge@xinhuanet.com,Non-binary,60.193.113.32
592,Caye,McInnes,cmcinnesgf@tripod.com,Bigender,16.51.175.185
593,Rheba,Skypp,rskyppgg@psu.edu,Female,45.10.245.162
594,Isaac,Calken,icalkengh@nationalgeographic.com,Male,56.246.235.213
595,Parrnell,Riseam,priseamgi@homestead.com,Male,6.185.7.43
596,Ivar,Nortunen,inortunengj@chicagotribune.com,Male,153.125.200.71
597,Jada,Giacometti,jgiacomettigk@cafepress.com,Female,155.227.139.244
598,Penni,Sanja,psanjagl@slate.com,Female,202.99.158.101
599,Inglis,Haslen,ihaslengm@who.int,Male,203.110.85.188
600,Stephine,Richarz,sricharzgn@yale.edu,Female,45.80.195.191
601,Gillan,Mahady,gmahadygo@barnesandnoble.com,Female,2.124.58.176
602,Eugenius,Rumsey,erumseygp@wiley.com,Male,100.34.26.164
603,Maud,Cosin,mcosingq@nps.gov,Female,121.6.82.61
604,Bartel,Rubinek,brubinekgr@joomla.org,Male,239.99.102.241
605,Courtenay,Waddoups,cwaddoupsgs@topsy.com,Female,97.81.28.111
606,Clair,Buckle,cbucklegt@paypal.com,Male,83.211.171.235
607,Matias,D'Alessandro,mdalessandrogu@springer.com,Male,37.206.79.120
608,Sullivan,Weatherhill,sweatherhillgv@europa.eu,Male,214.175.73.142
609,Gaspar,Leynagh,gleynaghgw@pen.io,Polygender,178.64.147.76
610,Valentina,Gasker,vgaskergx@boston.com,Female,186.176.188.156
611,Bondon,Cockman,bcockmangy@baidu.com,Male,74.152.80.29
612,Amalita,Biggadyke,abiggadykegz@apple.com,Female,82.47.61.36
613,Tyrone,Pigeon,tpigeonh0@reddit.com,Male,184.53.28.194
614,Omero,Rosetti,orosettih1@hc360.com,Male,152.16.140.194
615,Opal,Kildea,okildeah2@mlb.com,Female,101.57.181.21
616,Delmar,Eagers,deagersh3@4shared.com,Male,40.169.151.216
617,Mela,Hirsch,mhirschh4@youtu.be,Female,6.124.161.113
618,Hewitt,Le Huquet,hlehuqueth5@imageshack.us,Male,241.200.171.178
619,Vina,Toon,vtoonh6@mapy.cz,Female,76.203.249.165
620,Curcio,Pioch,cpiochh7@alibaba.com,Male,245.15.27.36
621,Tedman,Harbert,tharberth8@friendfeed.com,Male,92.22.249.27
622,Philly,Guilloton,pguillotonh9@eventbrite.com,Female,146.168.159.55
623,Eadie,Bulger,ebulgerha@hatena.ne.jp,Female,224.201.98.149
624,Chrystal,Ainslee,cainsleehb@tumblr.com,Female,237.96.20.219
625,Carson,Steers,csteershc@over-blog.com,Male,235.181.139.143
626,Ileana,Buller,ibullerhd@nyu.edu,Female,170.116.12.162
627,Booth,Kirby,bkirbyhe@goodreads.com,Male,209.218.165.28
628,Karia,Corneljes,kcorneljeshf@disqus.com,Female,202.65.252.79
629,Elsi,Hariot,ehariothg@admin.ch,Female,25.33.148.228
630,Ignace,Wilcox,iwilcoxhh@arstechnica.com,Male,59.90.8.51
631,Joana,Oleksinski,joleksinskihi@mac.com,Female,242.143.127.91
632,Anson,Pudner,apudnerhj@vkontakte.ru,Male,32.208.136.209
633,Glenda,Rankmore,grankmorehk@java.com,Female,223.105.124.87
634,Annie,Mabe,amabehl@csmonitor.com,Female,143.127.42.17
635,Nataniel,Rabl,nrablhm@nytimes.com,Male,74.201.26.7
636,Guendolen,Crake,gcrakehn@creativecommons.org,Female,58.97.207.180
637,Falkner,Twohig,ftwohigho@homestead.com,Male,69.253.250.235
638,Deborah,Gittose,dgittosehp@purevolume.com,Female,190.28.210.206
639,Jammal,Zuanelli,jzuanellihq@biglobe.ne.jp,Male,234.48.9.254
640,Raffarty,Fiddy,rfiddyhr@over-blog.com,Male,129.11.81.61
641,Albertine,Knowlman,aknowlmanhs@g.co,Female,245.250.184.129
642,Anstice,Vader,avaderht@sogou.com,Female,10.205.142.228
643,Darbee,Goodered,dgooderedhu@foxnews.com,Male,128.203.130.182
644,Rici,Sunners,rsunnershv@discuz.net,Female,88.52.60.190
645,Humbert,Toffolo,htoffolohw@independent.co.uk,Male,14.63.53.39
646,Josi,Baldocci,jbaldoccihx@miibeian.gov.cn,Female,47.113.9.175
647,Palmer,Jakubovsky,pjakubovskyhy@mapquest.com,Male,164.85.134.208
648,Giorgio,Blood,gbloodhz@virginia.edu,Male,56.70.136.10
649,Ave,Thundercliffe,athundercliffei0@shareasale.com,Male,109.84.23.54
650,Adelina,Russe,arussei1@nytimes.com,Female,17.238.13.204
651,Leslie,Ellit,lelliti2@bing.com,Female,220.153.1.227
652,Wit,Mityushkin,wmityushkini3@blogger.com,Male,58.4.171.149
653,Cam,Ozintsev,cozintsevi4@last.fm,Female,95.250.77.49
654,Silvester,Pennetti,spennettii5@samsung.com,Male,198.162.234.6
655,Eulalie,von Grollmann,evongrollmanni6@google.nl,Female,105.209.43.159
656,Dilly,Mattiazzi,dmattiazzii7@dell.com,Male,26.247.96.251
657,Wyn,Hasnney,whasnneyi8@diigo.com,Male,250.79.52.208
658,Wynny,Vasyagin,wvasyagini9@youku.com,Female,28.173.22.161
659,Filbert,Grimsdale,fgrimsdaleia@alexa.com,Male,63.139.121.75
660,Nonna,Guess,nguessib@shutterfly.com,Female,69.36.10.132
661,Cordelia,Gosdin,cgosdinic@cisco.com,Bigender,45.164.55.110
662,Sissie,Gaynes,sgaynesid@un.org,Female,149.56.92.82
663,Son,Strangwood,sstrangwoodie@cloudflare.com,Male,96.27.168.65
664,Alexandros,Downs,adownsif@studiopress.com,Male,94.84.234.153
665,Debora,Jendrassik,djendrassikig@xinhuanet.com,Non-binary,215.51.83.232
666,Wendye,Matityahu,wmatityahuih@wikia.com,Female,152.79.248.245
667,Toby,Perott,tperottii@nba.com,Female,201.73.96.246
668,Othello,Spollen,ospollenij@usatoday.com,Male,249.81.118.87
669,Bettine,Janota,bjanotaik@wix.com,Bigender,187.16.233.134
670,Celine,Orrey,correyil@issuu.com,Female,58.34.231.114
671,Minnaminnie,Bevan,mbevanim@constantcontact.com,Female,120.157.31.140
672,Gerrie,Clemonts,gclemontsin@mozilla.org,Male,33.30.173.105
673,Laughton,Dalglish,ldalglishio@mozilla.org,Male,253.3.78.114
674,Aggy,Ovid,aovidip@redcross.org,Female,79.155.102.168
675,Holly-anne,Dundin,hdundiniq@amazonaws.com,Agender,144.223.140.162
676,Lovell,Souter,lsouterir@ovh.net,Male,199.119.182.220
677,Chicky,Feakins,cfeakinsis@hexun.com,Female,103.182.209.225
678,Cornell,Latehouse,clatehouseit@theatlantic.com,Male,161.79.176.196
679,Kirsten,McLenahan,kmclenahaniu@cmu.edu,Non-binary,119.215.184.122
680,Corrie,Winny,cwinnyiv@webs.com,Male,3.202.163.174
681,Arnaldo,Kirkpatrick,akirkpatrickiw@apache.org,Male,91.226.136.144
682,Olivier,Cess,ocessix@people.com.cn,Male,133.184.104.0
683,Orelee,Grinnell,ogrinnelliy@about.com,Female,153.61.173.96
684,Denny,Curness,dcurnessiz@instagram.com,Male,21.3.245.215
685,Kristofer,Mochan,kmochanj0@marketwatch.com,Male,102.159.220.123
686,Toddie,Henken,thenkenj1@columbia.edu,Male,16.202.101.124
687,Dorie,Waycot,dwaycotj2@sphinn.com,Male,33.174.220.170
688,Bride,Gilffillan,bgilffillanj3@senate.gov,Female,156.38.186.191
689,Yasmin,Dadson,ydadsonj4@gizmodo.com,Female,78.192.234.141
690,Martyn,Jankiewicz,mjankiewiczj5@alexa.com,Male,28.137.64.120
691,Hedwig,Stutter,hstutterj6@bizjournals.com,Female,218.170.136.90
692,Ulrica,Buntine,ubuntinej7@nasa.gov,Bigender,108.62.215.118
693,Anabella,Gozzard,agozzardj8@xrea.com,Female,144.171.58.245
694,Skell,Vedyasov,svedyasovj9@mapquest.com,Male,222.126.173.79
695,Jessi,Andreasson,jandreassonja@networksolutions.com,Female,194.135.136.35
696,Trumann,Limbrick,tlimbrickjb@hubpages.com,Male,141.177.125.194
697,Jaquith,Yallop,jyallopjc@webeden.co.uk,Female,110.19.85.38
698,Shanan,Dillistone,sdillistonejd@elegantthemes.com,Male,119.18.175.188
699,Shep,Braime,sbraimeje@hud.gov,Male,126.222.92.185
700,Marillin,Toohey,mtooheyjf@dailymotion.com,Female,115.105.11.27
701,Allistir,Aldred,aaldredjg@amazonaws.com,Male,223.67.115.192
702,Alfonse,Kidwell,akidwelljh@usatoday.com,Male,236.247.131.115
703,Theadora,Keal,tkealji@dropbox.com,Bigender,228.250.166.19
704,Gayleen,Balassi,gbalassijj@devhub.com,Female,74.66.140.125
705,West,Ritmeyer,writmeyerjk@jugem.jp,Male,79.116.0.238
706,Ira,Bartleman,ibartlemanjl@webs.com,Male,249.72.1.240
707,Jenni,Jennaway,jjennawayjm@narod.ru,Female,44.131.218.207
708,Maryanne,Hannan,mhannanjn@timesonline.co.uk,Female,102.41.38.202
709,Catlee,Olivelli,colivellijo@addthis.com,Female,227.56.121.218
710,Shirlee,Yoslowitz,syoslowitzjp@yahoo.co.jp,Female,250.135.83.52
711,Wilfred,Stonner,wstonnerjq@ft.com,Male,253.112.251.20
712,Bordie,Cubley,bcubleyjr@hostgator.com,Male,54.120.67.25
713,Roderich,Covotto,rcovottojs@flickr.com,Male,193.77.117.147
714,Worth,Keetch,wkeetchjt@comcast.net,Male,221.234.159.18
715,Nissy,O'Luney,noluneyju@4shared.com,Female,113.141.192.94
716,Dreddy,Cahn,dcahnjv@is.gd,Female,195.12.180.38
717,Mallory,Gonzalez,mgonzalezjw@engadget.com,Male,105.81.11.215
718,Townie,Gero,tgerojx@redcross.org,Male,233.18.57.187
719,Gregory,Jayume,gjayumejy@homestead.com,Male,149.151.160.127
720,Simonette,Yerbury,syerburyjz@wikia.com,Female,164.81.212.201
721,Mitchael,Pyrke,mpyrkek0@princeton.edu,Male,250.153.178.0
722,Terza,Maty,tmatyk1@w3.org,Genderfluid,152.118.88.177
723,Glynn,Spellesy,gspellesyk2@ucla.edu,Male,97.5.167.35
724,Barton,Sloane,bsloanek3@woothemes.com,Male,51.156.172.237
725,Lita,Willes,lwillesk4@ted.com,Female,212.130.95.178
726,Jacinta,Trillow,jtrillowk5@disqus.com,Female,138.58.37.6
727,Jonah,Morigan,jmorigank6@mapy.cz,Male,109.180.133.121
728,Davie,Crippes,dcrippesk7@xing.com,Male,232.149.168.221
729,Cassi,Borborough,cborboroughk8@nydailynews.com,Female,57.220.44.147
730,Levon,Choldcroft,lcholdcroftk9@cdc.gov,Male,142.37.121.232
731,Revkah,Beamiss,rbeamisska@rakuten.co.jp,Bigender,218.85.61.204
732,Broderick,Ferrettini,bferrettinikb@weather.com,Male,192.206.30.189
733,Ardelia,Veltmann,aveltmannkc@msu.edu,Female,2.112.30.61
734,Winfred,Munro,wmunrokd@reference.com,Male,43.120.254.22
735,Ring,Edgeon,redgeonke@ehow.com,Male,63.200.33.126
736,Jillie,Gilstin,jgilstinkf@example.com,Female,254.0.107.194
737,Evangeline,Lghan,elghankg@pbs.org,Female,98.94.79.247
738,Ebeneser,Redgrave,eredgravekh@bravesites.com,Male,206.16.207.4
739,Iorgo,Ploughwright,iploughwrightki@dell.com,Male,85.227.30.48
740,Agretha,Graffham,agraffhamkj@marketwatch.com,Female,164.247.11.70
741,Yule,Aleksahkin,yaleksahkinkk@squarespace.com,Male,249.169.177.170
742,Ibrahim,Halley,ihalleykl@goodreads.com,Male,157.198.182.183
743,Christy,Filde,cfildekm@quantcast.com,Female,191.83.54.87
744,Kristy,Warbrick,kwarbrickkn@sitemeter.com,Female,166.122.202.150
745,Becca,Whiteland,bwhitelandko@yale.edu,Female,239.209.169.187
746,Bonni,Lillywhite,blillywhitekp@wix.com,Female,147.40.74.183
747,Martie,Hollow,mhollowkq@cloudflare.com,Male,55.114.156.116
748,Jim,Everson,jeversonkr@unesco.org,Male,29.216.98.104
749,Kiel,Geator,kgeatorks@sfgate.com,Male,85.36.35.209
750,Angie,Gimbrett,agimbrettkt@discovery.com,Non-binary,156.122.178.151
751,Britni,Grima,bgrimaku@utexas.edu,Female,151.39.218.254
752,Roley,Laboune,rlabounekv@un.org,Male,221.22.102.143
753,Clarey,Blackbourn,cblackbournkw@123-reg.co.uk,Female,90.113.94.196
754,Vanda,Goulding,vgouldingkx@opensource.org,Female,19.124.179.151
755,Letti,Benedito,lbeneditoky@gizmodo.com,Female,75.4.59.168
756,Max,Taborre,mtaborrekz@unc.edu,Male,247.215.246.245
757,See,Toal,stoall0@ucoz.com,Male,218.200.223.82
758,Mackenzie,Lynds,mlyndsl1@indiatimes.com,Male,131.166.129.83
759,Kennedy,Degli Abbati,kdegliabbatil2@hp.com,Male,170.146.239.93
760,Sherwin,Simpkiss,ssimpkissl3@elpais.com,Male,217.170.51.190
761,Shaw,Vesco,svescol4@behance.net,Male,85.134.28.0
762,Geoffrey,Cordingley,gcordingleyl5@tripadvisor.com,Male,212.84.86.138
763,Mel,Ullett,mullettl6@ning.com,Female,216.143.145.5
764,Vanya,Townsend,vtownsendl7@dropbox.com,Bigender,91.38.149.111
765,Ardella,McKevany,amckevanyl8@flickr.com,Female,98.243.103.222
766,Lothaire,Labuschagne,llabuschagnel9@angelfire.com,Male,60.102.19.78
767,Evered,Lingwood,elingwoodla@prnewswire.com,Male,188.30.7.253
768,Gilbert,Twell,gtwelllb@altervista.org,Male,130.25.196.254
769,Frankie,Digweed,fdigweedlc@google.pl,Female,70.95.65.191
770,Rowena,Duffet,rduffetld@nhs.uk,Female,50.58.143.65
771,Edouard,Kendell,ekendellle@deliciousdays.com,Male,46.11.245.255
772,Isabel,Gulston,igulstonlf@weather.com,Female,135.122.148.117
773,Filippo,Looby,floobylg@wufoo.com,Male,174.196.4.97
774,Mortimer,Stoneley,mstoneleylh@un.org,Male,138.4.8.47
775,Gilberta,Stowte,gstowteli@uol.com.br,Female,76.145.95.61
776,Caron,Beert,cbeertlj@issuu.com,Female,204.148.117.151
777,Yurik,Shernock,yshernocklk@buzzfeed.com,Male,127.146.72.152
778,Cathlene,Bailes,cbailesll@cocolog-nifty.com,Female,123.205.169.248
779,Eden,Madgwick,emadgwicklm@theguardian.com,Agender,199.101.227.244
780,Twila,Tennick,ttennickln@time.com,Female,161.73.220.61
781,Saul,Mashal,smashallo@creativecommons.org,Male,8.190.100.149
782,Anita,Mapother,amapotherlp@blogspot.com,Female,11.104.90.35
783,Eden,Murrey,emurreylq@nhs.uk,Female,130.68.115.252
784,Elly,Rossiter,erossiterlr@noaa.gov,Female,251.253.255.124
785,Eddi,Cockhill,ecockhillls@privacy.gov.au,Female,216.201.195.254
786,Gar,Tupling,gtuplinglt@washingtonpost.com,Male,192.150.69.145
787,Eamon,Stanman,estanmanlu@com.com,Male,253.31.222.158
788,Conchita,Baff,cbafflv@scientificamerican.com,Female,228.37.237.132
789,Kaitlyn,Eblein,kebleinlw@issuu.com,Bigender,113.223.162.92
790,Jaquith,Ahrenius,jahreniuslx@epa.gov,Female,160.77.169.12
791,Lavena,Maciejak,lmaciejakly@vinaora.com,Female,185.1.28.3
792,Farra,Yarnell,fyarnelllz@myspace.com,Female,34.43.51.204
793,Cooper,McNeice,cmcneicem0@example.com,Male,198.179.162.103
794,Renelle,Swinburn,rswinburnm1@goo.ne.jp,Female,101.95.66.42
795,Jeffry,Vedenyapin,jvedenyapinm2@buzzfeed.com,Male,178.139.185.18
796,Dorey,Casse,dcassem3@google.co.jp,Genderqueer,43.245.234.77
797,Cookie,Jarmyn,cjarmynm4@oracle.com,Female,41.191.83.179
798,Sabra,Bax,sbaxm5@goodreads.com,Female,154.126.73.23
799,Nananne,Ackrill,nackrillm6@histats.com,Female,145.236.125.30
800,Graig,Braunter,gbraunterm7@epa.gov,Male,151.72.221.6
801,Joshua,Iley,jileym8@dropbox.com,Male,120.105.117.120
802,Haskell,Primett,hprimettm9@gnu.org,Male,15.153.237.132
803,Meredithe,Collinwood,mcollinwoodma@go.com,Female,169.35.217.6
804,Michell,Cholonin,mcholoninmb@4shared.com,Female,226.70.238.250
805,Darsie,Wilcinskis,dwilcinskismc@imageshack.us,Female,85.14.184.210
806,Lockwood,Gillions,lgillionsmd@wp.com,Genderfluid,70.225.114.208
807,Nanete,Firby,nfirbyme@pagesperso-orange.fr,Female,61.111.246.83
808,Rosaline,Preddle,rpreddlemf@mapquest.com,Female,23.40.253.217
809,Adan,Eplate,aeplatemg@harvard.edu,Female,191.174.108.88
810,Rozelle,Grenshields,rgrenshieldsmh@skyrock.com,Female,124.226.73.100
811,Wilhelmine,Downer,wdownermi@vinaora.com,Female,160.220.150.126
812,Andromache,Girardoni,agirardonimj@amazonaws.com,Female,77.137.148.93
813,Ruthanne,Lief,rliefmk@a8.net,Female,7.152.193.59
814,Sansone,Woodeson,swoodesonml@chron.com,Male,93.17.183.32
815,Johny,Trase,jtrasemm@mozilla.com,Male,71.44.85.192
816,Hussein,Gerrie,hgerriemn@odnoklassniki.ru,Male,30.200.80.212
817,Willow,Pennicott,wpennicottmo@google.fr,Female,41.21.66.34
818,Ozzie,Ambrosetti,oambrosettimp@barnesandnoble.com,Male,101.6.241.206
819,Ave,Berks,aberksmq@eepurl.com,Male,59.200.248.169
820,Cristie,Onians,coniansmr@slashdot.org,Female,234.80.120.35
821,Derry,Spellward,dspellwardms@behance.net,Male,22.245.223.66
822,Betsy,Brigg,bbriggmt@fastcompany.com,Female,39.254.191.20
823,Claire,Mussotti,cmussottimu@amazonaws.com,Male,95.134.21.7
824,Elli,Castellino,ecastellinomv@fastcompany.com,Female,19.243.91.97
825,Fanni,Whithalgh,fwhithalghmw@usda.gov,Genderfluid,114.144.58.185
826,Ado,Drejer,adrejermx@ifeng.com,Male,226.140.47.175
827,Christiane,Meaden,cmeadenmy@opensource.org,Female,98.112.248.24
828,Land,Meecher,lmeechermz@amazon.de,Male,68.206.36.202
829,Kaile,Grisdale,kgrisdalen0@networkadvertising.org,Female,247.75.86.132
830,Becky,Cromwell,bcromwelln1@tumblr.com,Female,210.48.117.237
831,Zara,Swinfon,zswinfonn2@fotki.com,Female,134.229.67.41
832,Carla,Beaney,cbeaneyn3@mtv.com,Female,130.162.133.72
833,Erinna,Austick,eaustickn4@reference.com,Female,185.121.86.156
834,Quintana,Iannazzi,qiannazzin5@rambler.ru,Female,60.32.78.209
835,Alleyn,Dybald,adybaldn6@adobe.com,Male,235.110.199.92
836,Scarlet,Sayburn,ssayburnn7@4shared.com,Female,193.236.212.89
837,Even,Bettles,ebettlesn8@furl.net,Male,7.147.117.192
838,Irvin,Wreiford,iwreifordn9@spotify.com,Male,244.14.117.60
839,Jennifer,Glander,jglanderna@arizona.edu,Female,187.7.165.139
840,Faunie,Farre,ffarrenb@xrea.com,Female,80.76.80.38
841,Iseabal,Hexam,ihexamnc@jalbum.net,Female,199.26.132.14
842,Aharon,Gascoyne,agascoynend@merriam-webster.com,Polygender,100.106.142.187
843,Bearnard,Karle,bkarlene@uol.com.br,Male,3.226.91.229
844,Melli,Bakey,mbakeynf@squarespace.com,Female,253.44.96.99
845,Ludvig,Lyons,llyonsng@unesco.org,Male,75.215.13.8
846,Alfredo,Unthank,aunthanknh@blogspot.com,Male,245.94.222.253
847,Aimee,Goulding,agouldingni@arstechnica.com,Female,223.107.79.70
848,Claudianus,Oxx,coxxnj@geocities.jp,Male,48.113.43.148
849,Thurston,Custed,tcustednk@zimbio.com,Male,211.41.201.93
850,Lance,MacRitchie,lmacritchienl@umich.edu,Male,123.115.200.213
851,Dunn,Branni,dbranninm@usnews.com,Male,205.168.67.78
852,Ninnette,Liversley,nliversleynn@acquirethisname.com,Female,178.28.254.81
853,Lincoln,Farrans,lfarransno@disqus.com,Male,176.171.224.102
854,Floria,Oleszcuk,foleszcuknp@army.mil,Female,122.123.2.133
855,Jolie,Minillo,jminillonq@nhs.uk,Polygender,196.220.25.201
856,Coral,Sibbe,csibbenr@army.mil,Female,120.222.40.231
857,Mariellen,Bodham,mbodhamns@who.int,Female,30.73.43.133
858,Martainn,Adam,madamnt@yellowbook.com,Male,213.144.49.38
859,Charmain,Thieme,cthiemenu@samsung.com,Female,207.59.255.221
860,Shaw,Dimitrov,sdimitrovnv@fema.gov,Male,82.98.14.170
861,Rosetta,Collinson,rcollinsonnw@studiopress.com,Female,212.174.64.79
862,Tessie,Fetherstone,tfetherstonenx@weather.com,Female,186.89.115.38
863,Hertha,Szachniewicz,hszachniewiczny@oakley.com,Female,190.245.124.117
864,Kip,Meere,kmeerenz@hostgator.com,Male,216.77.125.238
865,Leese,Aucock,laucocko0@goodreads.com,Female,250.83.119.141
866,Celine,Clement,cclemento1@opensource.org,Female,173.115.68.224
867,Bald,Griffin,bgriffino2@phpbb.com,Male,165.246.155.65
868,Kaleb,Ricciardiello,kricciardielloo3@bizjournals.com,Male,254.246.118.170
869,Witty,Jardein,wjardeino4@hibu.com,Male,169.62.100.195
870,Carroll,Duffet,cduffeto5@facebook.com,Female,142.181.211.162
871,Dyane,Deave,ddeaveo6@biblegateway.com,Female,209.197.135.48
872,Car,Hane,chaneo7@nature.com,Male,3.48.62.255
873,Josy,A'field,jafieldo8@wordpress.com,Female,13.201.240.107
874,Aubine,Cainey,acaineyo9@intel.com,Female,50.79.147.181
875,Robbin,Casellas,rcasellasoa@hubpages.com,Female,228.72.28.55
876,Allyn,Mickelwright,amickelwrightob@phoca.cz,Female,64.165.78.194
877,Emmerich,Linggood,elinggoodoc@phoca.cz,Male,1.132.189.108
878,Cassondra,Sydes,csydesod@wordpress.com,Agender,82.238.222.103
879,Shea,Avard,savardoe@nba.com,Male,90.137.23.214
880,Kalli,Chastang,kchastangof@cmu.edu,Female,26.216.98.62
881,Lindsey,Gobell,lgobellog@addthis.com,Male,35.182.99.15
882,Inger,Damarell,idamarelloh@mit.edu,Male,241.31.32.162
883,Keane,Wannes,kwannesoi@slate.com,Male,189.254.76.119
884,Sabine,Chadbourne,schadbourneoj@weather.com,Female,224.251.49.130
885,Mildred,O'Hengerty,mohengertyok@github.com,Female,242.30.153.212
886,Barthel,Erwin,berwinol@elpais.com,Male,3.251.79.74
887,Anjanette,Runcieman,arunciemanom@fema.gov,Female,106.1.108.134
888,Vanni,Laimable,vlaimableon@salon.com,Female,97.92.96.67
889,Charyl,Diaper,cdiaperoo@imdb.com,Female,120.54.110.154
890,Merilee,Chelam,mchelamop@google.com.au,Female,29.77.40.17
891,Johnny,Timmons,jtimmonsoq@icio.us,Male,22.164.50.188
892,Rodi,Sam,rsamor@tiny.cc,Female,249.112.34.11
893,Arlette,Woakes,awoakesos@illinois.edu,Female,136.14.133.21
894,Conni,Cater,ccaterot@msu.edu,Female,24.20.105.200
895,Cirilo,Little,clittleou@technorati.com,Male,248.105.167.110
896,Deloris,Reubens,dreubensov@miitbeian.gov.cn,Female,102.64.155.33
897,Nanette,Asken,naskenow@tumblr.com,Genderqueer,36.238.206.156
898,Boyd,Bartelli,bbartelliox@cargocollective.com,Male,222.98.29.66
899,Zechariah,Gillfillan,zgillfillanoy@friendfeed.com,Male,183.167.142.126
900,Horton,Scarratt,hscarrattoz@businessweek.com,Male,79.77.73.42
901,Eilis,Kidstoun,ekidstounp0@indiatimes.com,Female,163.158.26.189
902,Bobbie,Bristow,bbristowp1@nbcnews.com,Polygender,98.249.169.143
903,Daffi,Reese,dreesep2@friendfeed.com,Female,226.184.231.152
904,Standford,Jenkin,sjenkinp3@twitter.com,Male,232.224.201.121
905,Alexi,Zanettini,azanettinip4@nbcnews.com,Female,121.185.167.102
906,Babbie,Ferrari,bferrarip5@gravatar.com,Female,230.98.77.224
907,Andromache,Barnewell,abarnewellp6@admin.ch,Female,204.150.94.79
908,Hussein,Ekins,hekinsp7@qq.com,Male,130.154.25.14
909,Chrysa,Olivera,coliverap8@xrea.com,Non-binary,2.37.30.216
910,Dylan,Mathewes,dmathewesp9@joomla.org,Male,129.104.85.97
911,Hetty,Yuryev,hyuryevpa@sphinn.com,Female,58.140.77.251
912,Yul,Tamblyn,ytamblynpb@163.com,Male,184.143.111.20
913,Isa,Chaster,ichasterpc@reuters.com,Male,108.233.191.245
914,Lisabeth,Sainter,lsainterpd@freewebs.com,Female,146.140.230.249
915,Hasty,Gisbourn,hgisbournpe@goo.ne.jp,Male,111.63.227.210
916,Guthrie,Feaveer,gfeaveerpf@seattletimes.com,Male,77.198.86.177
917,Carmelia,Grimestone,cgrimestonepg@bigcartel.com,Female,119.174.53.76
918,Shelia,Jovanovic,sjovanovicph@apple.com,Agender,14.191.213.193
919,Libbi,O'Lagene,lolagenepi@cisco.com,Female,150.24.206.157
920,Walden,Moorcroft,wmoorcroftpj@loc.gov,Agender,72.125.11.13
921,Tucker,Robeiro,trobeiropk@list-manage.com,Bigender,56.232.192.13
922,Florrie,Shimmin,fshimminpl@fema.gov,Female,167.249.20.151
923,Viviene,Fitzer,vfitzerpm@mozilla.org,Female,241.147.240.59
924,Annadiana,Beer,abeerpn@amazon.com,Female,40.135.167.167
925,Meg,Whenman,mwhenmanpo@list-manage.com,Female,156.12.75.209
926,Laird,Ciobotaro,lciobotaropp@guardian.co.uk,Male,45.137.29.118
927,Cheslie,Koubu,ckoubupq@wix.com,Female,81.83.36.56
928,Homerus,Fenney,hfenneypr@house.gov,Male,84.230.29.168
929,Walt,MacDonald,wmacdonaldps@hud.gov,Male,149.205.125.57
930,Cathy,Shoubridge,cshoubridgept@phoca.cz,Female,176.25.248.166
931,Uri,Quig,uquigpu@samsung.com,Polygender,158.39.88.201
932,Dal,Lines,dlinespv@google.com.hk,Male,105.69.254.222
933,Felic,Goodliffe,fgoodliffepw@salon.com,Male,193.37.204.1
934,Benjie,Seamer,bseamerpx@nyu.edu,Male,58.89.126.24
935,Liv,Shovelbottom,lshovelbottompy@comcast.net,Female,2.56.197.245
936,Abagail,Blaxter,ablaxterpz@hibu.com,Female,230.66.28.21
937,Khalil,Sheivels,ksheivelsq0@gnu.org,Male,72.179.4.16
938,Addy,Collis,acollisq1@histats.com,Male,49.183.143.214
939,Susie,Covendon,scovendonq2@deviantart.com,Female,6.24.209.110
940,Asher,Garm,agarmq3@theatlantic.com,Male,119.199.242.24
941,Carey,Cranmere,ccranmereq4@google.ru,Female,14.51.44.170
942,Wolfgang,Baccup,wbaccupq5@wordpress.org,Genderfluid,50.207.69.222
943,Shoshanna,Connechy,sconnechyq6@soup.io,Female,116.210.9.68
944,Anabel,Radnedge,aradnedgeq7@technorati.com,Female,62.121.21.209
945,Ikey,Gillani,igillaniq8@bloglovin.com,Male,97.255.19.183
946,Philis,Cobbe,pcobbeq9@blogspot.com,Female,87.108.93.235
947,Conrade,Leadley,cleadleyqa@illinois.edu,Male,14.189.79.255
948,Eirena,Foucard,efoucardqb@howstuffworks.com,Female,245.134.194.219
949,Evita,Di Batista,edibatistaqc@hhs.gov,Female,151.0.84.91
950,Modesta,Jakolevitch,mjakolevitchqd@microsoft.com,Female,62.92.93.176
951,Filberte,Snaddin,fsnaddinqe@marriott.com,Male,210.41.56.3
952,Ad,Rothman,arothmanqf@photobucket.com,Male,5.244.226.188
953,Lanny,Melloi,lmelloiqg@parallels.com,Male,183.134.189.152
954,Twila,Dobbing,tdobbingqh@wp.com,Female,235.90.124.219
955,Minni,Stawell,mstawellqi@networksolutions.com,Female,68.76.114.238
956,Sanders,Craxford,scraxfordqj@prlog.org,Male,214.99.242.173
957,Sigismond,Ormes,sormesqk@list-manage.com,Male,73.254.96.216
958,Alphonse,Gullberg,agullbergql@nih.gov,Genderfluid,175.91.21.36
959,Burgess,Giamelli,bgiamelliqm@marriott.com,Agender,251.76.60.2
960,Mikey,Auguste,maugusteqn@google.com,Male,41.67.134.228
961,Romain,Ambroziak,rambroziakqo@mlb.com,Male,122.10.223.252
962,Marlyn,Battison,mbattisonqp@disqus.com,Female,43.203.66.229
963,Elinor,Rockwill,erockwillqq@google.fr,Female,59.65.244.91
964,Son,Jojic,sjojicqr@goodreads.com,Male,250.60.240.18
965,Averil,Robiot,arobiotqs@shinystat.com,Male,17.98.223.37
966,Tome,Maleby,tmalebyqt@domainmarket.com,Male,107.87.208.201
967,Bobine,Haszard,bhaszardqu@webeden.co.uk,Female,98.93.170.45
968,My,Rochester,mrochesterqv@blogs.com,Male,197.210.46.94
969,Ainslie,Michael,amichaelqw@home.pl,Female,150.33.95.63
970,Had,Tedridge,htedridgeqx@usgs.gov,Male,190.211.28.142
971,Waiter,Mora,wmoraqy@netvibes.com,Male,14.137.242.199
972,Webster,Grog,wgrogqz@msu.edu,Genderfluid,99.2.208.195
973,Carrissa,Corradi,ccorradir0@networksolutions.com,Female,38.157.91.100
974,Issie,Barnicott,ibarnicottr1@newyorker.com,Female,183.102.171.121
975,Araldo,Baldrick,abaldrickr2@xrea.com,Male,186.209.236.77
976,Letizia,Saltwell,lsaltwellr3@alibaba.com,Female,18.188.90.106
977,Henri,Bridgstock,hbridgstockr4@businesswire.com,Male,236.24.114.52
978,Anastassia,Rubin,arubinr5@devhub.com,Female,83.108.111.247
979,Clyde,Lodovichi,clodovichir6@histats.com,Male,150.199.206.241
980,Gleda,Ogelsby,gogelsbyr7@vistaprint.com,Female,178.196.72.215
981,Cristin,Cordes,ccordesr8@kickstarter.com,Female,242.181.100.89
982,Sophronia,Heathfield,sheathfieldr9@goo.gl,Female,50.207.122.42
983,Shandie,Moorhead,smoorheadra@wsj.com,Female,247.196.99.207
984,Bearnard,Hutchence,bhutchencerb@ed.gov,Male,168.172.235.197
985,Shaine,Gheeraert,sgheeraertrc@sciencedaily.com,Male,5.178.93.25
986,Ronda,Queyos,rqueyosrd@mashable.com,Female,76.120.252.186
987,Udale,Addess,uaddessre@flavors.me,Male,120.29.86.109
988,Danice,Pryer,dpryerrf@a8.net,Female,198.58.134.101
989,Vanna,Ewbanck,vewbanckrg@dion.ne.jp,Female,223.170.50.225
990,Enos,Elen,eelenrh@cyberchimps.com,Male,246.164.74.217
991,Miles,Leyton,mleytonri@nymag.com,Male,80.66.173.189
992,Hadrian,Wakeling,hwakelingrj@oakley.com,Male,222.149.243.70
993,Venita,Bunch,vbunchrk@cbc.ca,Female,56.244.32.247
994,Glyn,Trainor,gtrainorrl@webeden.co.uk,Male,152.87.133.87
995,Bianca,McConaghy,bmcconaghyrm@bravesites.com,Female,138.145.31.31
996,Carita,Swinley,cswinleyrn@wix.com,Bigender,93.202.156.83
997,Alberik,Sreenan,asreenanro@nifty.com,Male,226.47.51.78
998,Bart,Burrel,bburrelrp@twitpic.com,Male,151.80.91.99
999,Dalton,Arthurs,darthursrq@meetup.com,Male,198.226.5.100
1000,Tull,Feenan,tfeenanrr@wikispaces.com,Male,48.175.72.161
